{
    "train_loss": [
        996385236.6647607,
        7.605534759434787,
        7.603276431560516,
        19.984169163487174,
        2472.5702527165413,
        19.723737906325947,
        747.6451057845896,
        18.075883621519264,
        57.53360392830589,
        8.762809357859872,
        8.641550297086889,
        6.526725465601141,
        14.695356645367362,
        14.587181633169001,
        18.065755128860474,
        10.062446876005692,
        5.553212989460338,
        5.724895363504237,
        7.876554543321783,
        5.523520464246923,
        7.175666467709974,
        7.100381309335882,
        10.725140170617538,
        5.814211010932922,
        6.324594080448151,
        5.931388546120036,
        5.467593957077373,
        5.821287149732763,
        5.701146114956249,
        5.441409907557747,
        5.757857886227694,
        5.768417856910012,
        5.534110063856298,
        5.37818132205443,
        5.482445288788188,
        5.336607087742198,
        5.509643121199175,
        5.599997531283986,
        5.413433486765081,
        5.5859182476997375,
        5.450832843780518,
        5.696559765122154,
        5.567830096591603,
        6.245781768452037,
        5.52575059370561,
        5.501560335809534,
        5.440695009448311,
        5.508183999495073,
        5.975862210447138,
        5.473029797727412,
        5.510577922517603,
        5.523796325380152,
        5.554573514244773,
        5.318386256694794,
        5.346732161261818,
        5.440613172271035,
        5.326150888746435
    ],
    "val_loss": [
        5.405447617555276,
        5.3281300495832395,
        4.97982355264517,
        5.29088692787366,
        5.1235186748015575,
        5.329161766247871,
        5.93279739526602,
        6.539988077603853,
        6.528243541717529,
        5.088708584125225,
        4.9791244726914625,
        5.0155684520036745,
        5.391604386843168,
        5.156204015780718,
        5.324065648592436,
        5.00809750190148,
        5.130072214664557,
        4.9923799099066315,
        4.974815442011907,
        4.9747921870304985,
        5.086108464461106,
        5.05312407322419,
        5.054086355062632,
        5.189889308733818,
        5.0450490193489275,
        5.019942369216528,
        4.971940162854317,
        5.161684427505884,
        5.082560184674385,
        5.033777518150134,
        5.0099059373904495,
        5.151264386299329,
        5.028750859774076,
        4.994873059101594,
        5.07103768373147,
        5.231516495729104,
        4.969635180937938,
        5.120682532970722,
        4.979178012945713,
        5.069049456180671,
        4.957647384741367,
        5.079999703627366,
        5.0186854264675045,
        4.94666923620762,
        5.083331059186887,
        4.961869692191099,
        4.944956058110947,
        4.999719705337133,
        4.956146827110877,
        4.959408503312331,
        5.050636805020845,
        5.011699529794546,
        4.984012848291641,
        4.9881630188379535,
        4.947458328344883,
        5.023232472248567,
        4.954005131354699
    ]
}