{
    "train_loss": [
        4809930823.861743,
        16.388437710025094,
        3679.4391235925937,
        39.211709304289386,
        58.18797584013505,
        358.13310637799174,
        58.46309921416369,
        7.38599740375172,
        10.92653587731448,
        33.88503455573862,
        8.735301938923923,
        6.479899509386583,
        22.912752541628752,
        6.878083819692785,
        19.32851446758617,
        40.898299937898464,
        33.76554767110131,
        8.63422251289541,
        8.973674942146648,
        5.478270276026293,
        8.080608752640812,
        9.280779957771301,
        8.382498063824393,
        8.66166177662936,
        6.294540280645544,
        62.46301782673056,
        5.761232533238151,
        5.923891116272319,
        6.603076875209808,
        5.590390530499545
    ],
    "val_loss": [
        12.954300831525753,
        5.356955589392246,
        5.885589685195532,
        5.092126675141164,
        29.403552740048138,
        5.221724375700339,
        5.4558927951714935,
        5.29499075962947,
        5.206325041942107,
        5.73396869806143,
        5.150744120279948,
        5.035573396927271,
        5.12733574402638,
        5.078919459611941,
        5.336826556768173,
        5.120698623168162,
        5.279206153674004,
        7.1017913451561565,
        4.973325851636055,
        4.972461834931985,
        5.023190632844583,
        5.299535995874649,
        4.979303201039632,
        5.225355576246213,
        5.154621882316394,
        5.271222982651148,
        5.15795724819868,
        4.974787956629044,
        5.150646295302954,
        5.113365014394124
    ]
}