{
    "train_loss": [
        2257228188.393909,
        252.91783160513097,
        5.773308428851041,
        7.271971388296648,
        8.574598680843007,
        6.3843663497404615,
        6.71041476726532,
        5.95653912154111,
        5.622662381692366,
        5.5879693031311035,
        5.344694365154613
    ],
    "val_loss": [
        4.974963092803955,
        4.989893865585327,
        4.999769997596741,
        5.510302329063416,
        4.998597407341004,
        5.486685633659363,
        4.980357313156128,
        5.083181977272034,
        5.3380752325057985,
        5.385967469215393,
        5.127242922782898
    ]
}