{
    "train_loss": [
        597649.3157469473,
        28.47895722971721,
        31.977370894260027,
        432.96775562502444,
        135.5510408886793,
        2981.621657255698,
        481.6636266374791,
        126.89500579982996,
        224.2025917863304,
        84.13399540395899,
        103.7839178961109,
        578.9758001345803,
        140.340469034558
    ],
    "val_loss": [
        4.437839105531767,
        4.252948939413219,
        4.214044515575681,
        4.392351152060868,
        12.050308945891144,
        5.188656068080432,
        7.756859764263227,
        5.261654887106512,
        5.071038396327527,
        5.03750580162197,
        5.740984093059193,
        8.893645456859044,
        4.892491873982665
    ]
}