{
    "train_loss": [
        1.486273304982619,
        1.271890101107684,
        1.2706922672011636,
        1.269385589794679,
        1.270154508677396,
        1.2681118547916412,
        1.2665431662039324,
        1.267302231355147,
        1.2687884352423928,
        1.2706518281589856,
        1.270008385181427,
        1.2665517221797595,
        1.268627871166576,
        1.2663291123780338,
        1.2659894119609485,
        1.265807956457138,
        1.2663624530488795
    ],
    "val_loss": [
        1.2596637725830078,
        1.2522875368595123,
        1.2521223366260528,
        1.2517134547233582,
        1.2519480466842652,
        1.2519612550735473,
        1.2507461190223694,
        1.2515552639961243,
        1.2773532092571258,
        1.2509527921676635,
        1.2526859760284423,
        1.252680277824402,
        1.253387886285782,
        1.253868395090103,
        1.2512221395969392,
        1.2510290145874023,
        1.252399092912674
    ]
}