{
    "train_loss": [
        1.5018833442167803,
        1.2719603262164376,
        1.2714114731008357,
        1.272614828564904,
        1.268122437325391,
        1.2681202563372524,
        1.2698650116270238,
        1.269582133401524,
        1.266864614053206,
        1.2681171785701404,
        1.2664862302216617,
        1.268082862550562,
        1.2668881551785902,
        1.2651959522203966,
        1.2685789655555377,
        1.2690574445507743,
        1.2660494365475394,
        1.2655681588433005,
        1.2666458622975783,
        1.266795432025736,
        1.2648002126000144,
        1.2657541686838323,
        1.2652878246524117
    ],
    "val_loss": [
        1.2587663531303406,
        1.2577371537685393,
        1.2560549080371857,
        1.2564626276493072,
        1.2526999533176422,
        1.2560615599155427,
        1.260548287630081,
        1.2508627235889436,
        1.2567229986190795,
        1.251733911037445,
        1.2514724016189576,
        1.2506463646888732,
        1.2502631545066833,
        1.256461763381958,
        1.2531697928905488,
        1.2506934523582458,
        1.2535850882530213,
        1.2519464910030365,
        1.2613422691822052,
        1.2518932819366455,
        1.251092529296875,
        1.2506521761417388,
        1.2503040492534638
    ]
}