{
    "train_loss": [
        1.6336245181334539,
        1.5803038499479731,
        1.5812812350428522,
        1.5800838700244728,
        1.5799063967185787,
        1.5796747522486159,
        1.5864081877235152,
        1.527437139179506,
        1.4924303015200093,
        1.4902741411369576,
        1.4782537212387061,
        1.4660804282489042,
        1.4870955444499454,
        1.5792004024258817,
        1.5784293026588976,
        1.578059462820506,
        1.5803628631166249,
        1.5790352491905895,
        1.5757216622971626,
        1.5767448334394298,
        1.577574643273704,
        1.5768218468299435,
        1.5772850381426664,
        1.5756684955570517,
        1.5749007448220786,
        1.5754624727054145,
        1.5749542054276877,
        1.5752453174327001,
        1.57477309744452,
        1.5747746382785428,
        1.574219000669587,
        1.574824503752878,
        1.5751158440201936,
        1.575081045190874,
        1.5745432201031044,
        1.5756746845377394,
        1.5743509621158067,
        1.5760953440325964,
        1.5741103374031278,
        1.5754383017206852,
        1.5742618109598454,
        1.5740045350961411,
        1.5743331075095521,
        1.5741697937662735,
        1.574130375291339,
        1.5739913756728046,
        1.574119448471374,
        1.5747611143083744,
        1.574288536628849,
        1.5738799614520373,
        1.5740795474463758,
        1.574759786057904
    ],
    "val_loss": [
        1.5340126581000586,
        1.5530547225562326,
        1.5345839419359129,
        1.5400775274366068,
        1.550974534375824,
        1.533819964114767,
        1.5364412550798587,
        1.4574680313866795,
        1.4711628844123108,
        1.4515490266528444,
        1.4333998128735526,
        1.4087804952532126,
        1.540662927204095,
        1.5560707577533675,
        1.5331162061279417,
        1.5356565195423553,
        1.5325751145100652,
        1.533043167524384,
        1.5346919308323639,
        1.5337924961626095,
        1.5326750954282256,
        1.5333219673801803,
        1.5329370363785402,
        1.5327115157514883,
        1.5336517893194863,
        1.5353818165994908,
        1.535462711559305,
        1.5350766068827497,
        1.5353813866049124,
        1.5334887643800164,
        1.5324628937563467,
        1.5340095452438596,
        1.5380191308448494,
        1.532425100640949,
        1.53252196660007,
        1.5356441257643874,
        1.5324136024553991,
        1.5324445709114818,
        1.5323727178747637,
        1.532427189849009,
        1.5327343805863038,
        1.532486174373441,
        1.5323757523457788,
        1.532829303666043,
        1.533227139290812,
        1.5324173035992903,
        1.5325571220286571,
        1.532818051295269,
        1.5323717550639688,
        1.5323871799049007,
        1.5326332175818673,
        1.532380381204786
    ]
}