{
    "train_loss": [
        3.0653779322112147,
        1.201721349096095,
        1.1401195925745098,
        1.1001639650626616,
        1.0440468232740054,
        1.0138943125493824,
        0.999609403100542,
        0.9890550858849152,
        0.981187946671112,
        0.9760778046382422,
        0.9706161028536205,
        0.9631171055476774,
        0.9561431829986925,
        0.9506817805496129,
        0.9444481421431358,
        0.9375746117862449,
        0.932033218358728,
        0.9241394138132984,
        0.9188761409922418,
        0.9102495951916684,
        0.9085103231905536,
        0.898212818725204,
        0.8935510922138664,
        0.8861729063262994,
        0.8787355406040495,
        0.8740010972727429,
        0.8631956041790545,
        0.8568850985982202,
        0.8524729788134043,
        0.8384860505519266,
        0.8345322307537902,
        0.827925146726722,
        0.815111360322176,
        0.8076036133676429,
        0.800862890498882,
        0.7934345725754445,
        0.7808982777747918,
        0.7774706200315532,
        0.7667827835433524,
        0.7577422895384106,
        0.75884808936495,
        0.7512422764081169,
        0.7455476849255237,
        0.7407442877831106,
        0.7336406325709752,
        0.7294598264535043,
        0.7285200635563921,
        0.7248130466693758,
        0.7149391036734662,
        0.7117441129786047,
        0.7092796171465042,
        0.7078812882219526,
        0.7012544465251267,
        0.6968853531024334,
        0.6882641118718311,
        0.69450891694181,
        0.6836933713956651,
        0.6801324397621845,
        0.6801357399354774,
        0.6743599174290218
    ],
    "val_loss": [
        1.217879195491989,
        1.1158184563233093,
        1.0969662366604263,
        1.014450877058235,
        0.9952434066973337,
        0.9847684061856239,
        0.9731376087474455,
        0.9873945563321014,
        0.9807021687753716,
        0.9631139628109885,
        0.9767325946897897,
        0.9483556725253357,
        0.9548473543201742,
        0.9532656549693799,
        0.931585018287183,
        0.9654680571213438,
        0.9242432290284105,
        0.9165749994283103,
        0.9337582988672067,
        0.8997207070240076,
        0.9177875953353034,
        0.8948700239654334,
        0.9061610385325402,
        0.9044257878347046,
        0.863136234267066,
        0.8648050111520419,
        0.8771541431398235,
        0.8411277548236887,
        0.8451622022758465,
        0.822629684611362,
        0.8369942371284267,
        0.819856112959716,
        0.7999643490710424,
        0.7903228266921171,
        0.844012901629359,
        0.7810060956634244,
        0.7849580579400085,
        0.764069171924584,
        0.7532373989873464,
        0.7578293740390852,
        0.800110031199296,
        0.7535551711957083,
        0.7627773212919816,
        0.7716420552588042,
        0.7468085698243371,
        0.7813218088725895,
        0.7368205668362271,
        0.8107319424638404,
        0.7521708421929786,
        0.7219405173740384,
        0.7916146519315802,
        0.7529168373630337,
        0.8048048570603128,
        0.7484714992597337,
        0.749731510116752,
        0.7878016922399443,
        0.8066264459735835,
        0.7886450176515432,
        0.8641320465626037,
        0.8390885038876243
    ]
}