{
    "train_loss": [
        3.0381243356636594,
        2.255487850734166,
        2.244091280869075,
        2.238799967936107,
        2.231099469321115,
        2.232308477163315,
        2.228228803191866,
        2.227538960320609,
        2.2265534613813673,
        2.2243748605251312,
        2.2227410078048706,
        2.214149458067758,
        2.1988359732287273,
        2.186925538948604,
        2.1779966992991313,
        2.1643592630113875,
        2.151425932134901,
        2.1490973106452396,
        2.1404169372149875,
        2.1377062244074687,
        2.1378336868115833,
        2.133633551853044,
        2.130331950528281,
        2.1312456088406697,
        2.1295477620192935,
        2.123449308531625,
        2.1243543262992586,
        2.1224530935287476,
        2.1231528903756822,
        2.1183494244303023,
        2.1197402455977032,
        2.117911851831845,
        2.119845437152045,
        2.1183644256421497,
        2.116078393799918,
        2.112520383937018,
        2.112801049436842,
        2.1119161418506076,
        2.1122555988175526
    ],
    "val_loss": [
        2.259273779888948,
        2.2537695045272508,
        2.247354917228222,
        2.245176342626413,
        2.246176185707251,
        2.2450082351764045,
        2.2427202935020127,
        2.2431388050317764,
        2.240461235245069,
        2.2395214438438416,
        2.2367934634288154,
        2.219942900041739,
        2.204504574338595,
        2.2021270021796227,
        2.180557519197464,
        2.1673944517970085,
        2.1627081806461015,
        2.1573728919029236,
        2.151442011197408,
        2.1520152539014816,
        2.145328094561895,
        2.149821862578392,
        2.145481357971827,
        2.145617534716924,
        2.146728038787842,
        2.1409795780976615,
        2.149142861366272,
        2.1413444181283317,
        2.138982743024826,
        2.1421354562044144,
        2.1407137513160706,
        2.1439036255081496,
        2.145942009985447,
        2.144465265174707,
        2.1534798989693322,
        2.1448773443698883,
        2.1452454502383866,
        2.143389935294787,
        2.1457926655809083
    ]
}