{
    "train_loss": [
        1015585134.6161138,
        175.76878967068413,
        16.706634705716912,
        6.985227942466736,
        6.014938647096807,
        5.747829177162864,
        6.049163146452471,
        5.9232073263688525,
        6.4950291893698955,
        6.449119741266424,
        101734152.31508897,
        5.651156187057495
    ],
    "val_loss": [
        5.849055886268616,
        4.969664764404297,
        5.225051999092102,
        5.048882460594177,
        5.241671848297119,
        4.999580073356628,
        5.010197567939758,
        4.995180273056031,
        5.435131144523621,
        5.183067059516906,
        5.372629332542419,
        5.023563861846924
    ]
}