{
    "train_loss": [
        2.4429356224665586,
        1.1648237058384852,
        1.1102308652956376,
        1.0492570661855014,
        1.0258359101770276,
        1.0088122250850906,
        0.9961377955041826,
        0.9877116527747024,
        0.976950004993176,
        0.9725853026505898,
        0.9624817076731812,
        0.9531723826234653,
        0.9513029760511761,
        0.9348029018887742,
        0.9327649812806736,
        0.9258705585433001,
        0.9170171181586656,
        0.9119181611405854,
        0.9022716737606309,
        0.8903006842275235,
        0.884701709178361,
        0.8738693756644021,
        0.8668547639284622,
        0.8642339823471213,
        0.8572090500542386,
        0.8432963683735579,
        0.8304467387920753,
        0.8206049725624986,
        0.8164390819993886,
        0.8064018349078569,
        0.8022403228308328,
        0.7904802586205981,
        0.7830813472074541,
        0.7778049068186771,
        0.7611933216156269,
        0.7540109323507006,
        0.7427397887010805,
        0.7399649205194279,
        0.7270023171070286,
        0.7209264935544607,
        0.7140568784353408,
        0.7054035498506643,
        0.7026715446051888,
        0.6927405856973068,
        0.6805585456631061,
        0.6735123710241169,
        0.676333017075773,
        0.661868585749868
    ],
    "val_loss": [
        1.152754611734833,
        1.111972430309692,
        1.0301111332298098,
        1.005301101889171,
        1.010591788005761,
        0.982131707896297,
        0.9848024500458344,
        0.9757824174941868,
        0.9839902776671429,
        0.960748517257615,
        0.9839111612724176,
        0.9503510695755143,
        0.9628615505258589,
        0.9463427039430259,
        0.9285434793613627,
        0.955538173118839,
        0.9343948141316801,
        0.9508694476858477,
        0.9385122427941367,
        0.9379405151060843,
        0.9693575933305002,
        0.9085380056526742,
        0.8938025860745209,
        0.9164619493992189,
        0.8943640324443974,
        0.9199027395542626,
        0.8881808031928105,
        0.8658756611020382,
        0.874305940575708,
        0.8872662507944027,
        0.9701423984843605,
        0.8790264842124065,
        0.8654501338863735,
        0.8696650145246568,
        0.8782852586334595,
        0.9204090749428194,
        0.86807183225491,
        0.8499744554717765,
        0.8620463119361091,
        0.8799831118468118,
        0.9287619818488246,
        0.9643616887558231,
        0.8913750192946104,
        0.9117790951106097,
        0.9239196932025884,
        0.8942445780340712,
        0.9614415074711951,
        0.9468976637938075
    ]
}