{
    "train_loss": [
        2.7814007392153144,
        1.3503217716616662,
        1.2884716722606258,
        1.237741832282733,
        1.221400003710931,
        1.206577283245596,
        1.1751191810789434,
        1.1418442744761705,
        1.1244333306835457,
        1.1251237792047588,
        1.1043144896287809,
        1.0926044417375869,
        1.0754346686669372,
        1.0784520918334073,
        1.0628282210196962,
        1.051755234175785,
        1.045157621064308,
        1.0344048419713296,
        1.018329068764367,
        1.0212909584780308,
        1.0180712535300038,
        1.0012784574434839,
        0.9920433382927016,
        0.9930499262938445,
        0.979393093381077,
        0.97122527921403,
        0.9572361593388699,
        0.9622137301855467,
        0.9570511934262785,
        0.945700357879766,
        0.9341292280534451,
        0.9446783567440104,
        0.9212899988263168,
        0.9176600058563054,
        0.9172611037184569,
        0.9058057675561444,
        0.9063835022971034,
        0.890068166677586,
        0.8860217624513264,
        0.8855580370026556,
        0.8713143746029924,
        0.8613643813878298,
        0.8549344006671824,
        0.8434915165840224,
        0.8351376577788456,
        0.8362744580954313,
        0.82876730799167,
        0.8165717184204947,
        0.7996876154687594,
        0.8009867052208971,
        0.7953370773360472,
        0.7882006530734625,
        0.7797071011736989,
        0.769637668801641,
        0.7615729878148572,
        0.752218754877421,
        0.7412213211117143,
        0.7469334483400665,
        0.7361759645864367
    ],
    "val_loss": [
        1.3396540711053295,
        1.3373396141067535,
        1.3616809965679786,
        1.2386449963495425,
        1.2045379214203469,
        1.1543465493558362,
        1.1345712018521297,
        1.1461477346875926,
        1.0668203174612823,
        1.053272076224751,
        1.0584173563999342,
        1.0473503157348665,
        0.9960774538177519,
        1.0589454740708446,
        1.0991727197070322,
        0.9733196189808477,
        0.9953058952119431,
        0.9600834687034049,
        0.9706314738292562,
        0.988722385352745,
        0.9755266518433644,
        0.9615417647564046,
        1.0253401901509869,
        0.9727862096125054,
        1.0014691244738154,
        1.1450253867299687,
        1.0425819636816944,
        0.9733768303830603,
        0.9247670569907845,
        0.9412060905058327,
        0.9358038799686043,
        0.9807043142005427,
        0.9422254495663068,
        0.9566623660366649,
        0.9666648184587544,
        0.9717499633877562,
        0.957996755120413,
        0.9629458173379596,
        0.9518599444035754,
        0.9817319883588378,
        0.9763904691458678,
        0.9807044474434891,
        1.0122014500240246,
        1.0769615763970015,
        1.0242051611053726,
        1.0736999840943076,
        1.0857426900513916,
        1.0357546900180419,
        1.0777633480802429,
        1.1939201315866173,
        1.1507798460840202,
        1.2058210504048428,
        1.2563116195415205,
        1.286793394487968,
        1.144195069995287,
        1.2300830563765341,
        1.2615213436149204,
        1.2220447791544626,
        1.335824710102079
    ]
}