{
    "train_loss": [
        3.8496138854798945,
        1.4398026765239509,
        1.3639121410352262,
        1.3012383789332076,
        1.260191898792982,
        1.2372214577414773,
        1.2206755802881988,
        1.2127110521224411,
        1.1992081817747517,
        1.192425324158235,
        1.1783893700181083,
        1.168454940684817,
        1.160408458672464,
        1.1489265385845846,
        1.1448751332407647,
        1.1367327830838887,
        1.1241769377480855,
        1.1196047773754054,
        1.1061433601108464,
        1.098506509157067,
        1.085180260410363,
        1.0778141809966078,
        1.0638937834142284,
        1.0563245602798732,
        1.0412540188567205,
        1.0316047134216537,
        1.0117993093180386,
        1.0048729507252574,
        0.9913147939369082,
        0.9792543509975076,
        0.9641152030195702,
        0.9540166160176423,
        0.9385236341252245,
        0.9253728178922426,
        0.9100079942409965,
        0.894642735704441,
        0.8876467857255854,
        0.8732565903443504,
        0.8625209846279838,
        0.8460746377029202,
        0.8363781769082628,
        0.8200427837754515,
        0.81527636250989,
        0.7993418707469986,
        0.7885864654725249,
        0.7772103438831188,
        0.7703553174029697,
        0.755587704310363,
        0.7455952929925512,
        0.7348157579333268,
        0.7236224304122681,
        0.717496491079642,
        0.7064894105053761,
        0.7028004551221702,
        0.6893921739591117,
        0.6768406237983569,
        0.6676155904053964,
        0.6628894408826124
    ],
    "val_loss": [
        1.4566376534375278,
        1.3641078054614655,
        1.3054623513107564,
        1.2577790273958211,
        1.2124037117237685,
        1.2114543673376759,
        1.2219532975842329,
        1.1904113280447806,
        1.1919900685981182,
        1.1965388228040335,
        1.2055372476060693,
        1.260502693092136,
        1.2863491799496416,
        1.2869483750780693,
        1.1914550027705717,
        1.2120844207502985,
        1.2186392508810022,
        1.2214171714928037,
        1.2772599843877985,
        1.2280399467177725,
        1.2414999432690206,
        1.334128505523867,
        1.3047076638794788,
        1.3426348393043661,
        1.3474128447063327,
        1.3267893028160551,
        1.3457033877195217,
        1.417761811364991,
        1.3061339884148624,
        1.427244677140896,
        1.4697044738473872,
        1.4252813279365308,
        1.5129649044262463,
        1.5013313434535014,
        1.468237954693621,
        1.5192852426267776,
        1.6168888325514021,
        1.5300510120866313,
        1.6467457146582447,
        1.6816878125534351,
        1.566688356896414,
        1.7115259541634413,
        1.701846290111119,
        1.8543239278615264,
        1.7508253337548556,
        1.8574888730448498,
        1.8231512353259067,
        1.7878992895902075,
        1.9339761770942305,
        1.8211501611802234,
        1.8209911609780423,
        1.8539562188231578,
        1.8825311090487438,
        2.0253211037753234,
        1.9379819582870144,
        2.054079343354231,
        2.1045935024700015,
        1.9596068993258606
    ]
}