{
    "train_loss": [
        451675734.8495843,
        52.099085754479844,
        149.07089318736547,
        224.4869458881049,
        56.58253508076246,
        87.28323847772722,
        130.09051826967598,
        265.3933653379528,
        90.12046799898401,
        83.04969510839135,
        37.61705751972585,
        61.26494180330961,
        26.568397931016673,
        170.22133691394671,
        27.789517804837455,
        24.345952120071022,
        118.43886676002235,
        47.78670014385471
    ],
    "val_loss": [
        4.656580107635535,
        7.559514899613504,
        127.1506338949041,
        4.8114460976454465,
        4.522344645502503,
        11.441085047385409,
        31.857149120084852,
        4.463840048388553,
        7.194768025057159,
        4.646224202900908,
        5.182893317981358,
        6.86045277959819,
        5.402215841042734,
        4.487353153182352,
        4.6521292910378635,
        5.016763767766837,
        7.2961027976080155,
        5.219946552657153
    ]
}