{
    "train_loss": [
        1361083493.0723372,
        13.478786490180276,
        9918.159577868202,
        21.48325288295746,
        5.825593558224765,
        5.459262717853893,
        36.384124755859375,
        21.314735640179027,
        5.538926883177324,
        74261.66044313257,
        16.75201254541224,
        6.104917537082326,
        6.107431953603571,
        173.97529758106577,
        138.75737608562815,
        8.794204982844265,
        14.854176618836142,
        7.183117747306824,
        5.784242196516558,
        5.867511716755954,
        6.463909105821089,
        5.826963077891957,
        10.054106614806436
    ],
    "val_loss": [
        15.518431425094604,
        5.111632537841797,
        6.177033638954162,
        5.094433784484863,
        5.035875535011291,
        5.2639315843582155,
        4.979432249069214,
        5.036435198783875,
        4.978577566146851,
        5.180592513084411,
        5.135261869430542,
        5.576804733276367,
        4.97742235660553,
        4.989414644241333,
        6.0092524766921995,
        5.774680113792419,
        5.101606678962708,
        5.104432010650635,
        5.15376455783844,
        5.215593528747559,
        4.983450436592102,
        5.035299706459045,
        5.850284552574157
    ]
}