{
    "train_loss": [
        204166811.2498299,
        16.91847721013156,
        5.8289525075392286,
        5.551494750109586,
        5.6442156271501025,
        5.671881979162043,
        10.31607449054718,
        6.2462253028696235,
        8.768662604418667,
        16.042956005443227,
        5.829625400629911,
        6.07826998017051,
        7.767720580101013,
        5.6626223434101455,
        5.669731378555298,
        6.245767203244296,
        5.387485406615517,
        5.389508388259194
    ],
    "val_loss": [
        5.1475001811981205,
        5.432983803749084,
        5.159764313697815,
        5.118667721748352,
        5.422685623168945,
        5.3068873405456545,
        5.0801499605178835,
        4.984323787689209,
        5.047801041603089,
        5.765669178962708,
        5.182337498664856,
        5.34866874217987,
        5.0393494129180905,
        5.096851491928101,
        5.254025554656982,
        5.119242811203003,
        5.046400141716004,
        5.041379165649414
    ]
}