{
    "train_loss": [
        7650817019.767846,
        5.585182742639021,
        5.480459733442827,
        5.435154004530474,
        5.346877119757912,
        5.465662132609975,
        5.466450940478932,
        5.382045865058899,
        5.391915245489641,
        5.42846260287545,
        5.459078886292198
    ],
    "val_loss": [
        4.9822115182876585,
        5.235351324081421,
        5.101284670829773,
        5.1548210144042965,
        5.1404709815979,
        5.192092943191528,
        5.253555512428283,
        5.115763473510742,
        5.121601247787476,
        5.218363499641418,
        5.171948504447937
    ]
}