{
    "train_loss": [
        1.4916814890774814,
        1.2051705176180059,
        1.2178631208159707,
        1.1840637705542825,
        1.1395767832344228,
        1.128959839994257,
        1.1029052829200572,
        1.0909568125551397,
        1.0806153145703403,
        1.0859811874953182,
        1.0710015215656974,
        1.0602024536241184,
        1.0533129654147408,
        1.0149450247937983,
        0.9789119647307829,
        0.9718089184977792,
        0.9722130366347053,
        0.9747810594060204,
        1.031476921655915,
        0.9945143528959968,
        0.870396076278253,
        0.832449421286583,
        0.8483254746957258,
        0.8224860145287081
    ],
    "val_loss": [
        1.252876442670822,
        1.2073164403438568,
        1.200336104631424,
        1.1400878101587295,
        1.1363710582256317,
        1.1218013733625412,
        1.1192576378583907,
        1.129778617620468,
        1.1516341358423232,
        1.1512241035699844,
        1.1525893360376358,
        1.1301625818014145,
        1.102942755818367,
        1.0712546497583388,
        1.184826710820198,
        1.093084704875946,
        1.129681122303009,
        1.1204206198453903,
        1.0854468852281571,
        1.1004277139902114,
        1.12846382856369,
        1.2541419059038161,
        1.246741956472397,
        1.3373686254024506
    ]
}