{
    "train_loss": [
        461277.8791406507,
        8.445541671731256,
        22.10416927561164,
        13.466265812854875,
        22.665150183168326,
        16.555141841146078,
        24.978648043491624,
        10.278505117717115,
        12.101387126540596,
        9.82297773862427,
        8.737433757294308,
        10.405080984261902,
        15.216560546308756,
        8.150178508325057,
        11.005026535893029,
        6.814032143489881,
        7.189362436871637,
        7.145184420726516,
        6.477290332317352,
        6.979269874366847,
        7.553415051576766,
        5.961189611052925,
        7.213031214746562,
        7.077422672374682,
        7.588847772302953,
        8.857719686220992,
        6.7327216077934615,
        7.15485415133563,
        7.753852918744087,
        7.359009788117626,
        7.677324706519192,
        7.5297023918141015,
        5.989148511805317,
        7.087735080244866,
        6.714037156579169,
        5.564124268225648,
        6.747581009837714,
        5.33578951860016,
        6.11385448446328
    ],
    "val_loss": [
        463939.5886061672,
        21.5902829681124,
        4.451534820841505,
        39.94881270458172,
        16.254653581551143,
        4.369403721450211,
        4.748680853998506,
        5.321479474569296,
        42.33984235432241,
        11.07757677428134,
        92.47369349157655,
        5.18731940644128,
        4.159886806042163,
        10.427131836290483,
        6.202991055977809,
        45.01990222311639,
        78.33844513242894,
        7.2655481618720215,
        4.072238647318506,
        4.437484394420277,
        4.779806937490191,
        5.935677318603961,
        4.030957615220702,
        5.9064891307384935,
        4.009541833555543,
        3.9866665230168925,
        4.002311550951624,
        4.0632367830771905,
        3.8105850227467424,
        4.879974252991862,
        3.9891052935030555,
        4.192757828669115,
        6.349557732606863,
        3.9230968456763726,
        8.258381883045296,
        4.110942674147618,
        3.904598845289899,
        4.303220988094033,
        3.839560588458916
    ]
}