{
    "train_loss": [
        5099255.999391062,
        17.51338455293633,
        17.710617030390534,
        12.480811672342725,
        11.492276717806522,
        7.986174213238798,
        7.348560677803617,
        6.51582155517115,
        5.677899761575733,
        7.501163899073331,
        9908.822167508011,
        8.733694897419094,
        6.477968981725593,
        5.579923488588506,
        6.757906452916301,
        4.686850064097883,
        3.778145758361735,
        4.032459890753571,
        3.5551739256983748,
        5.72251194810715,
        3.981211503346761,
        7.706333028749663,
        4.814359119651924,
        10.563286322501266
    ],
    "val_loss": [
        4.367282084885015,
        4.211690916052119,
        4.207436516337151,
        4.097253013991382,
        11.390084039845895,
        4.636175170141995,
        5.983521968778903,
        3.8715493864676667,
        3.837120431473075,
        3.881062938929184,
        3.7966691960383505,
        4.48030871370413,
        3.6715372165624243,
        3.6463592998012717,
        3.782706479666587,
        21.251951098732125,
        47.55465559628758,
        61.17614527804428,
        158.53286235436906,
        207.69091773816268,
        131.2718822016333,
        327.2501337069955,
        627.2444626406161,
        430.86304244174283
    ]
}