{
    "train_loss": [
        1.4504894478754564,
        1.2706400481137363,
        1.1876813742247494,
        1.2173939834941516,
        1.173585601828315,
        1.166564705696973,
        1.1855922043323517,
        1.170698407021436,
        1.165106096050956,
        1.1643017665906386,
        1.1838149888948961,
        1.1729682819409804,
        1.1689775802872397,
        1.1701058135791258,
        1.1596622575413098,
        1.149501001293009,
        1.1353817920793186,
        1.1195817481387744,
        1.1050632975318215,
        1.099608293988488,
        1.0962868454781445,
        1.0594144260341471,
        1.0409610583023592,
        1.0234417766332626,
        1.01856059784239,
        0.9936478503725745,
        0.9834514991803602,
        0.9717066057703712,
        0.941488574851643,
        0.9379651803861965,
        0.8789270222187042,
        0.8600909872488542,
        0.8854338404807177,
        0.8297252560203726
    ],
    "val_loss": [
        1.2590991675853729,
        1.2391792774200439,
        1.1565652668476105,
        1.1649210721254348,
        1.154744926095009,
        1.15941624045372,
        1.1712078332901001,
        1.1531564950942994,
        1.15551401078701,
        1.1484290271997453,
        1.1571057379245757,
        1.1556326806545258,
        1.160993105173111,
        1.1591326594352722,
        1.1577132433652877,
        1.1551797986030579,
        1.148036628961563,
        1.1446602076292038,
        1.1376523077487946,
        1.1285019218921661,
        1.1435169190168382,
        1.0905348867177964,
        1.1391288965940476,
        1.0834786266088485,
        1.1058705389499663,
        1.0970619738101959,
        1.112520197033882,
        1.0962295264005661,
        1.0922705382108688,
        1.1312585562467574,
        1.1545071691274642,
        1.2549223572015762,
        1.1722830712795258,
        1.2370305836200715
    ]
}