{
    "train_loss": [
        1.6034721291454679,
        1.1110799285022288,
        1.0461240023141727,
        1.0115035537323407,
        0.9989520228489048,
        0.9928898136276985,
        0.9771612403882582,
        0.9712096976634877,
        0.9565581505409103,
        0.950533023675565,
        0.9416510123403647,
        0.9284832403751683,
        0.9193390527983535,
        0.910554422395018,
        0.904295015222901,
        0.8950834569153482,
        0.8779232423800171,
        0.8738698267446704,
        0.8649530708690608,
        0.8520116210178954,
        0.8414768871152773,
        0.8316859729423992,
        0.8151545841855378,
        0.810502486251194,
        0.800572386793316,
        0.7856933598562715,
        0.7734584461617157,
        0.762165990079335,
        0.7500342157410077,
        0.7378470757549539,
        0.7280967072616807,
        0.7074167899157725
    ],
    "val_loss": [
        1.0910848534738573,
        1.0760736650841722,
        1.005373908924967,
        1.0197069749580818,
        0.9843793108843134,
        0.9661635232502715,
        0.9725679367536516,
        0.9734687143371685,
        0.9800803605060762,
        1.0527007416852254,
        0.9654240181333954,
        1.0072687187100922,
        0.9762364645400115,
        1.010318653729469,
        0.973922447869917,
        0.9572733598427701,
        0.9486744136213326,
        1.044956914550064,
        0.9849164595692524,
        1.0830081933521585,
        0.9394763320831937,
        0.930090213240791,
        0.9934776483260302,
        0.9749488537694466,
        1.0238042555592748,
        0.9679529706391603,
        1.0321897567180287,
        1.0471049615779366,
        1.064761714730393,
        1.1947638044405355,
        1.058709948379607,
        1.0464961115116262
    ]
}