{
    "train_loss": [
        1563008669.2533286,
        10.083924830298532,
        9.303944003175605,
        10.108562965623356,
        9.942422108894045,
        6.515922105786475,
        6.141399991444566,
        6.294035681608048,
        5.111837885257873,
        4.618224791843783,
        4.472352499988946,
        5.278431803326715,
        4.855119047178463,
        4.70992146093737,
        5.201479106802832,
        4.08110977912491,
        4.226368525150147,
        6.27814893424511,
        11.116916833276099,
        4.393701235340401,
        3.651141580194235,
        4.306249886751175,
        3.436781691556627,
        3.07622911950404
    ],
    "val_loss": [
        4.603439722742353,
        4.323549462603284,
        4.732769015547517,
        4.347150604446213,
        4.109823880257545,
        4.041713197509964,
        4.057129040941016,
        3.9316043195786414,
        3.930182943870495,
        3.958368011883327,
        3.8560952157169193,
        3.7344936929739916,
        3.710364408307261,
        3.669901767334381,
        3.6790201338854702,
        17.966906269649407,
        11.014362932025612,
        32.51218199342876,
        7.1481297418668674,
        38.82782625184431,
        17.793799406135236,
        330.2693602636263,
        225.98985771080118,
        815.7685919613033
    ]
}