{
    "train_loss": [
        3.0222250085154716,
        1.201852149245414,
        1.1391610708934339,
        1.0968617390925912,
        1.038863696284931,
        1.011924657928334,
        0.9994314435700123,
        0.9897589601830326,
        0.9821745452301746,
        0.9772365887818689,
        0.9709447349675677,
        0.9647617494179443,
        0.9582660249434412,
        0.9513476089235734,
        0.9455694069831886,
        0.9396608143790879,
        0.9337234456007454,
        0.9268932250667025,
        0.9203466587615284,
        0.9122808211144399,
        0.9110230517742987,
        0.901222625493326,
        0.8963455692864954,
        0.8894587915433063,
        0.8844348150728778,
        0.8779876127585091,
        0.8684318359009922,
        0.8643193722871895,
        0.8551478901539337,
        0.8479555576023731,
        0.8394049892032688,
        0.8315100707113743,
        0.8197771576233208,
        0.8147115731738847,
        0.8079300203191285,
        0.7987617875280028,
        0.7890382602980192,
        0.7845768052661284,
        0.7746554774613205,
        0.7709092339077457,
        0.7672249484722587,
        0.7592613191386177,
        0.7518453809686683,
        0.748199405677786,
        0.742097366114401,
        0.7401652160439302,
        0.7399982425214892,
        0.7305897462276996,
        0.7214186233468354,
        0.7169962682422589,
        0.717567118985409,
        0.7132748831698502,
        0.708018764176152,
        0.7050068356223743,
        0.6962589619850571,
        0.6940068561287428,
        0.6890936766497113,
        0.6868259122552858,
        0.6826530207922175,
        0.6751956028271128
    ],
    "val_loss": [
        1.217142298140309,
        1.1148070407329829,
        1.0952449102293362,
        1.0078249077143318,
        0.9905121195607807,
        0.9777405352132129,
        0.9759146941828771,
        0.9830689677264082,
        0.9840887776355247,
        0.9718378889669252,
        0.9759884741657728,
        0.9465073474929305,
        0.9594810886074965,
        0.9706417265961963,
        0.9301372552611835,
        0.9633568292831421,
        0.9299393229265153,
        0.9142204943298613,
        0.9362543827469322,
        0.902298357193706,
        0.9251463985735439,
        0.8998361309669389,
        0.9118211511847587,
        0.9042904819237135,
        0.8698692130226893,
        0.874961387357552,
        0.8916671082259129,
        0.8416507170080546,
        0.8370011793323845,
        0.8322752971726949,
        0.8293915843613205,
        0.8128743010844095,
        0.7952261038712118,
        0.8101653296799232,
        0.7977225768591343,
        0.7815950053282703,
        0.768266421015425,
        0.7506639828812671,
        0.7625648123246176,
        0.7495745981539986,
        0.846194901609927,
        0.7597746279299661,
        0.7531159355165474,
        0.7399053665274598,
        0.7482852957967095,
        0.8124321080869376,
        0.7481707679625607,
        0.754986559764566,
        0.7571184225024182,
        0.735127644828026,
        0.7734080985310002,
        0.7531213104614233,
        0.7600376319166465,
        0.7397500460994069,
        0.7428258243220058,
        0.7765126878699661,
        0.8076867191901966,
        0.7598440330361232,
        0.8143088064146929,
        0.7985674359561844
    ]
}