{
    "train_loss": [
        1.5911040292544798,
        1.272181061181155,
        1.2733694382689216,
        1.273411898450418,
        1.2730703977021305,
        1.270715969530019,
        1.2751458937471563,
        1.273219988427379,
        1.2713502076539127,
        1.2706190781159834,
        1.2729014253074473,
        1.2716789841651917,
        1.2705508389256217,
        1.2706309353763408,
        1.2707898102023385,
        1.2709743570197711,
        1.2713344408707186,
        1.271405111659657,
        1.2701162628152154
    ],
    "val_loss": [
        1.2457660344930797,
        1.2393650374351404,
        1.2467852326539846,
        1.2454856542440562,
        1.24041648935049,
        1.2510069387081342,
        1.239704192448885,
        1.2407040817615314,
        1.2379263853415465,
        1.2382340400646894,
        1.2385299740693507,
        1.2396601598996382,
        1.2380455227998586,
        1.2383049527804058,
        1.2405370603769252,
        1.2385412729703462,
        1.2381132741769154,
        1.2389047741889954,
        1.2421433344865456
    ]
}