{
    "train_loss": [
        2128031839.7821233,
        10.069534435190938,
        10.812694930217482,
        10.88449303670363,
        12.305015747181393,
        9.22358830476349,
        5.576613114638762,
        4.884291661395268,
        5.060478566045111,
        4.733522155068138,
        4.486067096618089,
        4.491179972548377,
        5.989781343462792,
        4.1735634624280715,
        4.687426520680839,
        4.114611291411248,
        4.509437826546756,
        6.526598656042055,
        5.629328183829784,
        7.0014885169538585,
        4.207665342160246,
        3.875441427596591,
        8.321324965154583,
        3.447449005462907,
        4.978451455181295
    ],
    "val_loss": [
        4.491915324291625,
        4.461935739238541,
        4.228978489126478,
        4.653912722290336,
        4.095350509340113,
        4.040413734974799,
        4.029312550247489,
        3.9070593335411767,
        3.837254065197784,
        3.882826422716116,
        3.864785935971644,
        127.99244997950343,
        3.7267354471342906,
        4.020127313090609,
        3.591618472105497,
        4.163253322437212,
        15.145507663488388,
        4.006864153719568,
        3.6873074684824263,
        7.318524071535506,
        5761.944136529387,
        27.167868533691802,
        72.18793347555321,
        172.8994143880033,
        238.46455233786014
    ]
}