{
    "train_loss": [
        2.176996325904673,
        1.2904295948418705,
        1.288405022837899,
        1.2878358662128448,
        1.285434213551608,
        1.2883828417821364,
        1.2852500622922725,
        1.2858519310301,
        1.2860551882873883,
        1.285364500500939,
        1.2830550480972638,
        1.2836722975427455,
        1.2819472307508641,
        1.2828206690874966,
        1.281111952933398,
        1.282606452703476,
        1.2797709432515232,
        1.2793340195309033,
        1.2785519605333155,
        1.2703808464787223,
        1.2364589680324902,
        1.1648685092275792,
        1.0810396319085902,
        1.0509541495279833,
        1.0036130886186252,
        0.9857011112299833,
        0.976474485614083,
        0.96303529901938,
        0.9412975961511786,
        0.9093117063695734,
        0.9167030738158659,
        0.9109700647267428,
        0.9011493027210236,
        0.8867616666988893,
        0.8746117136695168,
        0.8785842061042786,
        0.8713587265123021,
        0.8878562572327527,
        0.8785195093263279,
        0.8678892647678201,
        0.8878370875662024,
        0.8727725784886967,
        0.8590110310099341,
        0.8589819534258409,
        0.8455427221276544,
        0.8518118804151361,
        0.844978854060173,
        0.8527760045094923,
        0.8958520266142759,
        0.8543758852915331,
        0.8549694865942001,
        0.8578657778826627,
        0.8496327142823826,
        0.8458749448711221,
        0.8451507592743094,
        0.8349613926627419,
        0.8329184583642266,
        0.8225503794171594,
        0.817850031635978,
        0.8245437389070337
    ],
    "val_loss": [
        1.2629147469997406,
        1.262535274028778,
        1.2624273240566253,
        1.2621833384037018,
        1.2624519765377045,
        1.2617628455162049,
        1.2616469264030457,
        1.2626658380031586,
        1.2618936002254486,
        1.2613068699836731,
        1.261144608259201,
        1.2619471609592439,
        1.261380237340927,
        1.2608712673187257,
        1.261055165529251,
        1.2606004774570465,
        1.2605108499526978,
        1.258763074874878,
        1.2572420060634613,
        1.2426380276679994,
        1.1769310921430587,
        1.1027664065361023,
        1.0363206058740615,
        0.9921662002801895,
        0.9595726579427719,
        1.0211168199777603,
        1.0095289379358292,
        0.9072177112102509,
        0.9570227980613708,
        0.9003132820129395,
        0.9061178505420685,
        1.1264931291341782,
        0.8926188200712204,
        0.9082912832498551,
        0.8980154931545258,
        0.9115135580301285,
        0.9092064201831818,
        0.9038101345300674,
        0.8793550044298172,
        0.8952381700277329,
        0.9206525444984436,
        0.8854142159223557,
        0.887145134806633,
        0.878298071026802,
        0.897174796462059,
        0.909648397564888,
        0.9217131108045578,
        0.8890799462795258,
        0.8800159066915512,
        0.8675228327512741,
        0.9085113734006882,
        0.9157362967729569,
        0.8776850312948227,
        0.9193332880735398,
        0.9041203737258912,
        0.9050007641315461,
        0.8816330671310425,
        0.8875570803880691,
        0.9261408179998398,
        0.8856374800205231
    ]
}