{
    "train_loss": [
        1.935744903196161,
        1.1168249108539983,
        1.0478161470895124,
        1.0139997337763302,
        1.0000525387013937,
        0.9863449721671522,
        0.9750532512498485,
        0.9686927771923768,
        0.9548363047032057,
        0.944041138933426,
        0.9290289182545215,
        0.9209426534982027,
        0.9033782395818871,
        0.8935549941877968,
        0.8816726866462868,
        0.8623474429146296,
        0.8535040294844757,
        0.8398775530699343,
        0.8272304113506002,
        0.8182836487905158,
        0.8033467789395803,
        0.787865390681738,
        0.7764052209604028,
        0.7649288641029018,
        0.7486790367843498,
        0.7450081171493688,
        0.7347959866380285,
        0.7204427087046722,
        0.7186637924819455,
        0.702660918989565,
        0.7000370471241375,
        0.6912304823930525,
        0.6771028284479381,
        0.6701187166178062,
        0.6561170163781593,
        0.648000290694709,
        0.6417579611443991,
        0.6297295929128116
    ],
    "val_loss": [
        1.1093492007014452,
        1.0492822846461205,
        0.9862173952574677,
        0.994341664243979,
        1.0123907595214607,
        0.9801166535812881,
        0.9570002061305817,
        0.9543569338634846,
        0.9417681736656898,
        0.9416614564276162,
        0.9090010776352183,
        0.8894638178052625,
        0.8876602071198043,
        0.9369120403859139,
        0.8507950829602313,
        0.8502899882368916,
        0.8340653259235767,
        0.9299104641323513,
        0.8477204310392067,
        0.8385151892925534,
        0.8001411602944402,
        0.8415488089737737,
        0.8258604222334753,
        0.8152045838588224,
        0.8090146302817437,
        0.8176420872794932,
        0.8104192848751263,
        0.791122644537684,
        0.8069228385776931,
        0.7938142228702555,
        0.8974006318920881,
        0.8586030181377238,
        0.8928781712675294,
        0.8314760661129305,
        0.8960071781220285,
        0.864135828599676,
        0.8659312830569232,
        0.9281490413024027
    ]
}