{
    "train_loss": [
        351676873.267357,
        5.52193039113825,
        6.470176057382063,
        5.580397172407671,
        4375038.760291707,
        6.152815623716875,
        5.6533131491054185,
        5.681829138235613,
        327.25417504527354,
        5.096837043762207,
        4.669665629213506,
        5.025206750089472,
        5.124904242428866,
        4.540132891048085,
        4.505011330951344,
        4.8607178709723735,
        4.4928634708577935,
        4.954155900261619,
        5.003549662503329,
        6.404796752062711,
        6.439175659959966,
        4.3761204643683,
        4.245389000935988,
        4.152185835621574,
        4.027363262393258
    ],
    "val_loss": [
        5.024089574813843,
        5.141298627853393,
        5.249156665802002,
        5.114274430274963,
        5.243004107475281,
        5.085890817642212,
        5.130664873123169,
        4.626513218879699,
        5.161972165107727,
        4.5923786640167235,
        33.42859563827515,
        5.813809466362,
        4.578872203826904,
        5.133777713775634,
        4.5000659942626955,
        7.815211915969849,
        5.560789108276367,
        4.62156445980072,
        4.876322889328003,
        4.754031014442444,
        5.350576853752136,
        8.614914464950562,
        10.817564713954926,
        5.5844275712966915,
        32.71244103908539
    ]
}