{
    "train_loss": [
        1.8455223595372403,
        0.9975209315967001,
        0.9226920464422248,
        0.8561530723310888,
        0.7736031549672285,
        0.6970793347135266,
        0.6032823889066998,
        0.5169293098072338,
        0.42462390372817255,
        0.3653136182683535,
        0.32221238414089454
    ],
    "val_loss": [
        1.01868125104964,
        1.15349270582965,
        1.0681766324485098,
        1.273259502638997,
        1.3564324530590453,
        1.657623869577327,
        2.3771829816144256,
        1.9584312936614499,
        1.9387807235278363,
        2.0672476984399,
        2.4027458856997774
    ]
}