{
    "train_loss": [
        1.3690644746476954,
        1.2685873820023104,
        1.269474366849119,
        1.2706786841154099,
        1.2732641656290402,
        1.272871347990903,
        1.2729184112765572,
        1.27074749361385,
        1.2705179845744914,
        1.2702231732281772,
        1.274030165238814,
        1.270608808506619
    ],
    "val_loss": [
        1.2361788642712128,
        1.2360723003363,
        1.2379054885644178,
        1.238726360675616,
        1.238107510866263,
        1.2387452629896312,
        1.2407729113713288,
        1.2376716075799403,
        1.2385989656815162,
        1.2389149360167675,
        1.244541557935568,
        1.2375330145542438
    ]
}