{
    "train_loss": [
        490058738.9069885,
        6.118330229412425,
        8.374613285064697,
        5.396997798572887,
        5.447673114863309,
        6.028465314344927,
        5.441464120691473,
        5.399442282589999,
        6.275364279747009,
        5.395190217278221,
        7.735000848770142,
        6.224653081460432,
        6.368207638913935,
        6.192483793605458,
        5.5639131394299595,
        6.0073370933532715,
        5.437195712869817,
        5.530335220423612,
        5.556765794754028
    ],
    "val_loss": [
        5.121854519844055,
        7.876952743530273,
        5.023605704307556,
        5.182620739936828,
        5.105350637435913,
        5.350006461143494,
        5.034014081954956,
        5.150127339363098,
        4.971480131149292,
        5.407659673690796,
        5.597859120368957,
        5.521073651313782,
        4.980055904388427,
        5.023655223846435,
        5.046152496337891,
        5.189424228668213,
        5.193940114974976,
        5.110850048065186,
        5.092675518989563
    ]
}