{
    "train_loss": [
        2128031840.141157,
        9.831672264093703,
        12.229108830405908,
        14.47868619181893,
        11.485502178018743,
        7.917131221091205,
        5.886560132896358,
        5.1182331293821335,
        5.614696050232107,
        4.738172568380833,
        4.432024320079521,
        4.717992275275967,
        5.081786371090195,
        4.91035761277784,
        6.009156642651016,
        4.211559756912968,
        6.92913186380809,
        4.296743107112971,
        3.8482683619314972,
        10786.422711952166,
        4.236656643788923,
        6.322795974937352,
        4.458331404423172,
        3.1776887479830873,
        4.396333648399874,
        6.486367773603309,
        2.9735698642378505,
        108.85108940235592
    ],
    "val_loss": [
        4.486672091019618,
        4.386171587101825,
        4.557967212293055,
        4.220878008898202,
        4.227719061560445,
        4.109832297671925,
        4.119890490135589,
        3.8730607652044915,
        3.852107930493045,
        3.8536145245874085,
        3.822456647049297,
        3.739987326906873,
        3.7194403928595703,
        3.808957730794882,
        14.121023130107236,
        250.634620909567,
        3.8437948815234297,
        3.7169633786399645,
        8.128409521920341,
        65.21121084341755,
        6.693447988915753,
        17.38646968502503,
        8.219355089710904,
        268.3052090611551,
        207.32197093189538,
        605.761817053541,
        385.22820698595666,
        268.15614329336523
    ]
}