{
    "train_loss": [
        2.0893535493365065,
        1.0223398512144657,
        0.9955513626337051,
        0.9581814467991617,
        0.9113479261709885,
        0.8669418448751623,
        0.805930734781379,
        0.7743960640985857,
        0.7550499419131401,
        0.7230537122919817,
        0.7080645381515338,
        0.685729147104377,
        0.6615917249582708,
        0.6592569995078851,
        0.6276884870815345
    ],
    "val_loss": [
        1.0526562589855695,
        1.1540823603251513,
        1.0255079965739111,
        1.0330467714229599,
        1.0044003562074209,
        1.2294116175437555,
        1.294094928470648,
        1.2133955281636888,
        1.127881933459687,
        1.4078795578658032,
        1.2800109935607624,
        1.288343280534116,
        1.551108790254809,
        1.9622733561216874,
        1.6599309165370066
    ]
}