{
    "train_loss": [
        3.671699317278547,
        2.077148338314667
    ],
    "val_loss": [
        2.106580339119266,
        2.110321738390014
    ]
}