{
    "train_loss": [
        1.4282937131144784,
        1.272847061807459,
        1.2716931077567013,
        1.271808464418758,
        1.2734805751930585,
        1.2728104455904528,
        1.2734256251291796,
        1.2732295150106603,
        1.271970816633918,
        1.271654188632965,
        1.273941229690205,
        1.2723818069154567,
        1.2703077440912074,
        1.269429475069046,
        1.2707319232550534,
        1.2697344747456638
    ],
    "val_loss": [
        1.2598259150981903,
        1.2600014626979827,
        1.2595062255859375,
        1.2583996951580048,
        1.26520836353302,
        1.2564621448516846,
        1.2569801211357117,
        1.2573216795921325,
        1.257741892337799,
        1.2703698217868804,
        1.2703357458114624,
        1.2594114303588868,
        1.2570404410362244,
        1.2576039969921111,
        1.2579369783401488,
        1.2566787779331208
    ]
}