{
    "train_loss": [
        1.4553605995394967,
        1.2709450261159376,
        1.2697425430471247,
        1.2666871656071057,
        1.461863953958858,
        1.2150920683687383,
        1.1568031879988583,
        1.1565737534653058,
        1.1508201401342044,
        1.151248891245235,
        1.1519066190177745,
        1.1507909176024524,
        1.1497336761517958,
        1.1576455479318446,
        1.1462400501424617,
        1.1473613543943926,
        1.1467913551764055,
        1.1507857821204446,
        1.1462806381962516,
        1.1454674791206012,
        1.1447871706702493,
        1.150704707611691,
        1.1508490849624982,
        1.1474043916572223,
        1.1437183997847817,
        1.1446158344095403,
        1.1474730426614934,
        1.1481919369914315,
        1.145562762563879,
        1.1417437805370851,
        1.1439685415137897,
        1.1434813710776242,
        1.1414868885820562,
        1.143060938878493,
        1.1417367322878405,
        1.1393433213233948,
        1.139787342060696,
        1.1380204883488743,
        1.1369202367284081,
        1.135540027510036,
        1.122301000085744,
        1.1097788214683533,
        1.0970735333182595,
        1.086955726146698,
        1.0948806675997647,
        1.1115003715861926,
        1.084213067184795,
        1.0769501951607792,
        1.073747301643545,
        1.0678914907303723,
        1.0734304907647045,
        1.0823364908044988,
        1.061529504981908,
        1.053429814902219,
        1.0511806498874317,
        1.0497200475497679
    ],
    "val_loss": [
        1.2566646456718444,
        1.2545998454093934,
        1.2573365688323974,
        1.250338965654373,
        1.2526066482067109,
        1.1443058222532272,
        1.1388690561056136,
        1.1476412385702133,
        1.1414123713970183,
        1.1389520943164826,
        1.1368371218442916,
        1.1413673490285874,
        1.1411131352186203,
        1.13364277780056,
        1.1406432092189789,
        1.1382445126771927,
        1.136610460281372,
        1.13293958902359,
        1.1343389809131623,
        1.1334483593702316,
        1.135215625166893,
        1.1611026644706726,
        1.1342208743095399,
        1.1325041770935058,
        1.1332969665527344,
        1.1315673172473908,
        1.1353920489549636,
        1.137237197160721,
        1.1298278898000718,
        1.1323653161525726,
        1.1326045036315917,
        1.1343981236219407,
        1.1320076942443849,
        1.1328104585409164,
        1.1326738208532334,
        1.1296744346618652,
        1.1319884032011032,
        1.136252185702324,
        1.1235156327486038,
        1.1352313727140426,
        1.128174066543579,
        1.1186943084001542,
        1.1300297677516937,
        1.1310396313667297,
        1.1173961281776428,
        1.1094888865947723,
        1.1224227488040923,
        1.1481973022222518,
        1.1327297985553741,
        1.1618670582771302,
        1.1773903250694275,
        1.1417836844921112,
        1.1438445419073104,
        1.1703430652618407,
        1.1757191509008407,
        1.178450846672058
    ]
}